<?xml version="1.0" encoding="UTF-8"?>
<!DOCTYPE hibernate-configuration PUBLIC
	"-//Hibernate/Hibernate Configuration DTD 3.0//EN"
	"http://hibernate.sourceforge.net/hibernate-configuration-3.0.dtd">
<hibernate-configuration>
	<session-factory>
		<property name="hibernate.connection.driver_class"></property>
		<property name="hibernate.connection.url"></property>
		<property name="hibernate.connection.username"></property>
		<property name="hibernate.connection.password"></property>			
	</session-factory>
</hibernate-configuration>
