<?xml version='1.0' encoding='UTF-8'?>
<!DOCTYPE hibernate-configuration PUBLIC
          "-//Hibernate/Hibernate Configuration DTD 3.0//EN"
          "http://hibernate.sourceforge.net/hibernate-configuration-3.0.dtd">
<hibernate-configuration>
	<session-factory>
		<property name="connection.driver_class">oracle.jdbc.driver.OracleDriver</property>
		<property name="connection.url">jdbc:oracle:thin:@localhost:1521:orcl</property>
		<property name="dialect">org.hibernate.dialect.OracleDialect</property>
		<property name="hibernate.connection.username">hr</property>
		<property name="hibernate.connection.password">hr</property>
		<property name="show_sql">true</property>
		<property name="format_sql">true</property>
		<property name="hibernate.hbm2ddl.auto">update</property>
		<mapping class="com.byc.dto.RegistrationDTO" />
	</session-factory>
</hibernate-configuration>